-- MySQL Script generated by MySQL Workbench
-- Sun Jan 10 16:37:21 2021
-- Model: New Model    Version: 1.0
-- MySQL Workbench Forward Engineering

SET @OLD_UNIQUE_CHECKS=@@UNIQUE_CHECKS, UNIQUE_CHECKS=0;
SET @OLD_FOREIGN_KEY_CHECKS=@@FOREIGN_KEY_CHECKS, FOREIGN_KEY_CHECKS=0;
SET @OLD_SQL_MODE=@@SQL_MODE, SQL_MODE='ONLY_FULL_GROUP_BY,STRICT_TRANS_TABLES,NO_ZERO_IN_DATE,NO_ZERO_DATE,ERROR_FOR_DIVISION_BY_ZERO,NO_ENGINE_SUBSTITUTION';

-- -----------------------------------------------------
-- Schema EnterpriseDB
-- -----------------------------------------------------

-- -----------------------------------------------------
-- Schema EnterpriseDB
-- -----------------------------------------------------
CREATE SCHEMA IF NOT EXISTS `EnterpriseDB` DEFAULT CHARACTER SET utf8 ;
USE `EnterpriseDB` ;

-- -----------------------------------------------------
-- Table `EnterpriseDB`.`Administrator`
-- -----------------------------------------------------
DROP TABLE IF EXISTS `EnterpriseDB`.`Administrator` ;

CREATE TABLE IF NOT EXISTS `EnterpriseDB`.`Administrator` (
  `id` VARCHAR(8) NOT NULL,
  `name` VARCHAR(16) NOT NULL,
  `passwd` VARCHAR(32) NOT NULL,
  `security` VARCHAR(32) NULL,
  PRIMARY KEY (`id`))
ENGINE = InnoDB;


-- -----------------------------------------------------
-- Table `EnterpriseDB`.`Department`
-- -----------------------------------------------------
DROP TABLE IF EXISTS `EnterpriseDB`.`Department` ;

CREATE TABLE IF NOT EXISTS `EnterpriseDB`.`Department` (
  `id` VARCHAR(8) NOT NULL,
  `base_salary` INT NULL,
  `name` VARCHAR(32) NULL,
  `member_num` INT NULL,
  PRIMARY KEY (`id`),
  INDEX `NAMEINDEX` (`name` ASC) VISIBLE);


-- -----------------------------------------------------
-- Table `EnterpriseDB`.`Management`
-- -----------------------------------------------------
DROP TABLE IF EXISTS `EnterpriseDB`.`Management` ;

CREATE TABLE IF NOT EXISTS `EnterpriseDB`.`Management` (
  `worker_id` VARCHAR(8) NOT NULL,
  `department_id` VARCHAR(8) NOT NULL,
  `job` VARCHAR(16) NULL,
  `salary` INT NULL,
  PRIMARY KEY (`worker_id`, `department_id`))
ENGINE = InnoDB;


-- -----------------------------------------------------
-- Table `EnterpriseDB`.`Worker`
-- -----------------------------------------------------
DROP TABLE IF EXISTS `EnterpriseDB`.`Worker` ;

CREATE TABLE IF NOT EXISTS `EnterpriseDB`.`Worker` (
  `id` VARCHAR(8) NOT NULL,
  `sex` VARCHAR(2) NULL,
  `name` VARCHAR(8) NULL,
  PRIMARY KEY (`id`));


-- -----------------------------------------------------
-- Table `EnterpriseDB`.`Attendence`
-- -----------------------------------------------------
DROP TABLE IF EXISTS `EnterpriseDB`.`Attendence` ;

CREATE TABLE IF NOT EXISTS `EnterpriseDB`.`Attendence` (
  `worker_id` VARCHAR(8) NOT NULL,
  `time` DATETIME NOT NULL,
  `state` VARCHAR(8) NULL,
  PRIMARY KEY (`worker_id`, `time`));


-- -----------------------------------------------------
-- Table `EnterpriseDB`.`SalaryHistory`
-- -----------------------------------------------------
DROP TABLE IF EXISTS `EnterpriseDB`.`SalaryHistory` ;

CREATE TABLE IF NOT EXISTS `EnterpriseDB`.`SalaryHistory` (
  `SHid` INT NOT NULL AUTO_INCREMENT,
  `date` DATETIME NULL,
  `worker_id` VARCHAR(8) NULL,
  `worker_name` VARCHAR(8) NULL,
  `department_name` VARCHAR(32) NULL,
  `job` VARCHAR(16) NULL,
  `base_salary` INT NULL,
  `salary` INT NULL,
  `punishment` INT NULL,
  `before_tax` INT NULL,
  `tax` INT NULL,
  `total_salary` INT NULL,
  INDEX `worker_id_idx` (`worker_id` ASC) VISIBLE,
  PRIMARY KEY (`SHid`),
  CONSTRAINT `worker_id`
    FOREIGN KEY (`worker_id`)
    REFERENCES `EnterpriseDB`.`Worker` (`id`)
    ON DELETE NO ACTION
    ON UPDATE NO ACTION)
ENGINE = InnoDB;

USE `EnterpriseDB` ;

-- -----------------------------------------------------
-- Placeholder table for view `EnterpriseDB`.`Salary`
-- -----------------------------------------------------
CREATE TABLE IF NOT EXISTS `EnterpriseDB`.`Salary` (`id` INT);

-- -----------------------------------------------------
-- View `EnterpriseDB`.`Salary`
-- -----------------------------------------------------
DROP TABLE IF EXISTS `EnterpriseDB`.`Salary`;
DROP VIEW IF EXISTS `EnterpriseDB`.`Salary` ;
USE `EnterpriseDB`;
CREATE  OR REPLACE VIEW `Salary` AS 
with Checkin(id, LateCount) as 
	(select worker_id, IFNULL(num, 0) 
    from attendence LEFT OUTER JOIN 
    (select worker_id, count(state) from attendence 
		where state != '正常' and MONTH(time)=MONTH(NOW()) and YEAR(time)=YEAR(NOW())
		group by worker_id) as LateCount(id, num) 
    on attendence.worker_id = LateCount.id group by worker_id)
select Worker.id, Worker.name, Department.name as department_name, job, salary, base_salary, 100*Checkin.LateCount as LatePunish, salary+base_salary-100*Checkin.LateCount as total_salary 
from Worker join Management join Department join Checkin 
where Worker.id = Management.worker_id and Management.department_id = Department.id and Worker.id = Checkin.id;
USE `EnterpriseDB`;

DELIMITER $$

USE `EnterpriseDB`$$
DROP TRIGGER IF EXISTS `EnterpriseDB`.`Worker_BEFORE_INSERT` $$
USE `EnterpriseDB`$$
CREATE DEFINER = CURRENT_USER TRIGGER `EnterpriseDB`.`Worker_BEFORE_INSERT` BEFORE INSERT ON `Worker` FOR EACH ROW
BEGIN
	if new.sex != '男' and new.sex != '女'
	then signal sqlstate '45000'
    set message_text = '性别必须为男/女';
	end if;
END$$


USE `EnterpriseDB`$$
DROP TRIGGER IF EXISTS `EnterpriseDB`.`Worker_BEFORE_UPDATE` $$
USE `EnterpriseDB`$$
CREATE DEFINER = CURRENT_USER TRIGGER `EnterpriseDB`.`Worker_BEFORE_UPDATE` BEFORE UPDATE ON `Worker` FOR EACH ROW
BEGIN
	if new.sex != '男' and new.sex != '女'
	then signal sqlstate '45000'
    set message_text = '性别必须为男/女';
	end if;
END$$


USE `EnterpriseDB`$$
DROP TRIGGER IF EXISTS `EnterpriseDB`.`Attendence_BEFORE_INSERT` $$
USE `EnterpriseDB`$$
CREATE DEFINER = CURRENT_USER TRIGGER `EnterpriseDB`.`Attendence_BEFORE_INSERT` BEFORE INSERT ON `Attendence` FOR EACH ROW
BEGIN
	if new.state != '正常' and new.state != '迟到' 
    and new.state != '缺勤' and new.state != '请假'
	then signal sqlstate '45000'
    set message_text = '状态必须为正常/迟到/缺勤/请假之一';
	end if;
END$$


USE `EnterpriseDB`$$
DROP TRIGGER IF EXISTS `EnterpriseDB`.`Attendence_BEFORE_UPDATE` $$
USE `EnterpriseDB`$$
CREATE DEFINER = CURRENT_USER TRIGGER `EnterpriseDB`.`Attendence_BEFORE_UPDATE` BEFORE UPDATE ON `Attendence` FOR EACH ROW
BEGIN
	if new.state != '正常' and new.state != '迟到' 
    and new.state != '缺勤' and new.state != '请假'
	then signal sqlstate '45000'
    set message_text = '状态必须为正常/迟到/缺勤/请假之一';
	end if;
END$$


DELIMITER ;

SET SQL_MODE=@OLD_SQL_MODE;
SET FOREIGN_KEY_CHECKS=@OLD_FOREIGN_KEY_CHECKS;
SET UNIQUE_CHECKS=@OLD_UNIQUE_CHECKS;

-- -----------------------------------------------------
-- Data for table `EnterpriseDB`.`Administrator`
-- -----------------------------------------------------
START TRANSACTION;
USE `EnterpriseDB`;
INSERT INTO `EnterpriseDB`.`Administrator` (`id`, `name`, `passwd`, `security`) VALUES ('11451419', '张昊熹', '18340207', NULL);
INSERT INTO `EnterpriseDB`.`Administrator` (`id`, `name`, `passwd`, `security`) VALUES ('18340206', '张德龙', '18340206', NULL);

COMMIT;


-- -----------------------------------------------------
-- Data for table `EnterpriseDB`.`Department`
-- -----------------------------------------------------
START TRANSACTION;
USE `EnterpriseDB`;
INSERT INTO `EnterpriseDB`.`Department` (`id`, `base_salary`, `name`, `member_num`) VALUES ('120', 50, '计算机类', 50);
INSERT INTO `EnterpriseDB`.`Department` (`id`, `base_salary`, `name`, `member_num`) VALUES ('121', 100, '软件工程', 100);
INSERT INTO `EnterpriseDB`.`Department` (`id`, `base_salary`, `name`, `member_num`) VALUES ('123', 150, '网络安全', 20);
INSERT INTO `EnterpriseDB`.`Department` (`id`, `base_salary`, `name`, `member_num`) VALUES ('124', 200, '哲学', 10);
INSERT INTO `EnterpriseDB`.`Department` (`id`, `base_salary`, `name`, `member_num`) VALUES ('122', 1000, '科学技术', 5);

COMMIT;


-- -----------------------------------------------------
-- Data for table `EnterpriseDB`.`Management`
-- -----------------------------------------------------
START TRANSACTION;
USE `EnterpriseDB`;
INSERT INTO `EnterpriseDB`.`Management` (`worker_id`, `department_id`, `job`, `salary`) VALUES ('001', '120', '码农', 10200);
INSERT INTO `EnterpriseDB`.`Management` (`worker_id`, `department_id`, `job`, `salary`) VALUES ('002', '121', '软件工程师', 20000);
INSERT INTO `EnterpriseDB`.`Management` (`worker_id`, `department_id`, `job`, `salary`) VALUES ('003', '122', '算法工程师', 15000);

COMMIT;


-- -----------------------------------------------------
-- Data for table `EnterpriseDB`.`Worker`
-- -----------------------------------------------------
START TRANSACTION;
USE `EnterpriseDB`;
INSERT INTO `EnterpriseDB`.`Worker` (`id`, `sex`, `name`) VALUES ('001', '男', '关羽');
INSERT INTO `EnterpriseDB`.`Worker` (`id`, `sex`, `name`) VALUES ('002', '女', '张飞');
INSERT INTO `EnterpriseDB`.`Worker` (`id`, `sex`, `name`) VALUES ('003', '男', '刘备');
INSERT INTO `EnterpriseDB`.`Worker` (`id`, `sex`, `name`) VALUES ('004', '女', '赵云');
INSERT INTO `EnterpriseDB`.`Worker` (`id`, `sex`, `name`) VALUES ('005', '男', '打工人');

COMMIT;


-- -----------------------------------------------------
-- Data for table `EnterpriseDB`.`Attendence`
-- -----------------------------------------------------
START TRANSACTION;
USE `EnterpriseDB`;
INSERT INTO `EnterpriseDB`.`Attendence` (`worker_id`, `time`, `state`) VALUES ('001', '2021-01-19 19:45:11', '正常');
INSERT INTO `EnterpriseDB`.`Attendence` (`worker_id`, `time`, `state`) VALUES ('002', '2021-01-19 19:45:12', '正常');
INSERT INTO `EnterpriseDB`.`Attendence` (`worker_id`, `time`, `state`) VALUES ('001', '2021-01-19 19:45:13', '正常');
INSERT INTO `EnterpriseDB`.`Attendence` (`worker_id`, `time`, `state`) VALUES ('001', '2021-01-19 19:45:14', '正常');
INSERT INTO `EnterpriseDB`.`Attendence` (`worker_id`, `time`, `state`) VALUES ('002', '2021-01-19 19:45:15', '缺勤');
INSERT INTO `EnterpriseDB`.`Attendence` (`worker_id`, `time`, `state`) VALUES ('003', '2021-01-19 19:45:16', '请假');
INSERT INTO `EnterpriseDB`.`Attendence` (`worker_id`, `time`, `state`) VALUES ('002', '2021-01-19 19:45:17', '请假');
INSERT INTO `EnterpriseDB`.`Attendence` (`worker_id`, `time`, `state`) VALUES ('003', '2021-01-19 19:45:18', '迟到');

COMMIT;

